monkey;total trials;Kruskal-Wallis;pvalue;IQR;median;stimulus;task;adj-pvalue
a;223;89.84795614666275;2.571841279964306e-21;0.5170000000000001;1.274;str;Artificial Discrimination;2.0574730239714447e-20
a;207;89.84795614666275;2.571841279964306e-21;1.0644999999999998;1.944;ctr;Artificial Discrimination;2.0574730239714447e-20
b;215;21.187809057457496;4.16404760904138e-06;0.6925000000000003;1.938;str;Artificial Discrimination;3.331238087233104e-05
b;215;21.187809057457496;4.16404760904138e-06;1.0445;2.231;ctr;Artificial Discrimination;3.331238087233104e-05
g;287;0.04873059563570581;0.8252870388643097;2.183;2.136;str;Artificial Discrimination;1
g;260;0.04873059563570581;0.8252870388643097;2.1587500000000004;2.1995;ctr;Artificial Discrimination;1
h;457;12.140618447440097;0.0004933541314241001;1.6219999999999999;2.2;str;Artificial Discrimination;0.003946833051392801
h;419;12.140618447440097;0.0004933541314241001;1.607;2.424;ctr;Artificial Discrimination;0.003946833051392801
