;n;r;CI95%;p-val
pearson;802;0.057441485174878903;[-0.01  0.13];0.10426736987681971
