;n;r;CI95%;p-val
pearson;802;0.057441485174878924;[-0.01  0.13];0.10426736987684869
